{
  "comprehensive_comparison": {
    "Standard_PyTorch_FedAvg": {
      "final_accuracy": 84.7,
      "mean_accuracy": 77.19879999999999,
      "accuracy_std": 10.974442608169218,
      "aggregation_variance": 0.040097697245758374,
      "convergence_stability": 0.09112079260725477,
      "parameter_drift": 0.00046840118355397786,
      "cross_arch_consistency": 0.9999999814563327,
      "precision_mode": "ieee754",
      "round_accuracies": [
        22.92,
        48.63,
        55.94,
        60.49,
        62.21,
        66.56,
        68.95,
        69.72,
        71.98,
        73.18,
        74.72,
        75.92,
        76.45,
        77.16,
        77.39,
        78.25,
        78.34,
        78.9,
        79.06,
        79.34,
        79.4,
        80.26,
        80.63,
        80.75,
        81.1,
        81.06,
        81.67,
        81.92,
        81.8,
        82.51,
        82.4,
        82.49,
        82.53,
        82.63,
        82.85,
        83.13,
        82.92,
        83.34,
        83.36,
        83.76,
        84.01,
        83.91,
        84.26,
        83.98,
        84.27,
        84.54,
        84.54,
        84.6,
        84.51,
        84.7
      ],
      "round_variances": [
        0.025408918244544613,
        0.011724567719882053,
        0.010262195176198703,
        0.009877377253898652,
        0.01023838171654885,
        0.01197897039924354,
        0.013290806889861074,
        0.013839032251761163,
        0.014149335554602845,
        0.014747686559369956,
        0.017876897939227775,
        0.018451801922395684,
        0.01883609255763407,
        0.019815973013681445,
        0.02135453634015964,
        0.02478295364960396,
        0.02356605849475009,
        0.023444954211405904,
        0.029323941053923958,
        0.027740249104894112,
        0.027541077038410133,
        0.03446599679718935,
        0.03368352723292186,
        0.03758915145161311,
        0.03199936584710206,
        0.03937546702804467,
        0.04050557497713029,
        0.04737107504365049,
        0.040877393757198205,
        0.04790113577680709,
        0.04725853987876011,
        0.05061234847100832,
        0.04826170312498362,
        0.04876215337037696,
        0.05639385000894981,
        0.05592598393019742,
        0.057403414222363315,
        0.055128386224369275,
        0.060256322674435314,
        0.06297911910039698,
        0.07324812762357397,
        0.06773162582230918,
        0.06982122946880301,
        0.07258073127735343,
        0.0749153813779353,
        0.06866205992763248,
        0.07036463045615232,
        0.07113379063776752,
        0.07891578470171082,
        0.07250918498518409
      ],
      "deployment_consistency": 0.52
    },
    "FedProx_Baseline": {
      "final_accuracy": 83.38,
      "mean_accuracy": 75.51780000000001,
      "accuracy_std": 10.409773156029868,
      "aggregation_variance": 0.03318843517401115,
      "convergence_stability": 0.09606356343674848,
      "parameter_drift": 0.0003695207546563529,
      "cross_arch_consistency": 1.000000113911099,
      "precision_mode": "ieee754",
      "round_accuracies": [
        24.47,
        49.05,
        56.72,
        60.14,
        63.11,
        65.65,
        66.99,
        68.18,
        69.6,
        70.3,
        71.42,
        72.09,
        72.66,
        73.26,
        74.34,
        75.81,
        75.7,
        76.19,
        76.85,
        77.66,
        77.52,
        78.69,
        78.64,
        79.11,
        79.16,
        79.75,
        80.24,
        80.13,
        80.47,
        80.23,
        80.88,
        81.03,
        81.27,
        81.14,
        81.44,
        81.18,
        81.92,
        82.04,
        82.1,
        82.29,
        81.88,
        82.37,
        82.55,
        82.61,
        82.57,
        82.42,
        82.75,
        83.06,
        82.88,
        83.38
      ],
      "round_variances": [
        0.018209482573116942,
        0.008541261651977031,
        0.007191489253461741,
        0.00755601819865341,
        0.008202764994635417,
        0.009284904414275706,
        0.009126108061519832,
        0.010065613299707553,
        0.010501767229641476,
        0.011541355157330376,
        0.01316930185510707,
        0.014150612238871658,
        0.014530056897418027,
        0.01651445738861471,
        0.01754372874275932,
        0.017476955039668594,
        0.019617767221537765,
        0.02174859022318611,
        0.022591127190194668,
        0.022917036329186607,
        0.02476064319660282,
        0.026196700964831406,
        0.028332983382418558,
        0.030610606100324022,
        0.03126265511879019,
        0.03210549609712018,
        0.03231665526030785,
        0.03399781128324488,
        0.0368349897885941,
        0.038597958780411064,
        0.03763346563047984,
        0.03832701660902868,
        0.043273254825619584,
        0.04214468234492394,
        0.04386852453572631,
        0.042787335921132014,
        0.04544678061631434,
        0.05022341097948856,
        0.04726900577442164,
        0.05103721169450858,
        0.056114591514654734,
        0.049647314445122256,
        0.055309819324820826,
        0.05858923632248731,
        0.06230958614884072,
        0.06151069154007061,
        0.06248766322391607,
        0.06566370065493858,
        0.0751039701052044,
        0.07517759855534953
      ],
      "deployment_consistency": 0.52
    },
    "Kahan_Summation": {
      "final_accuracy": 83.91,
      "mean_accuracy": 77.59639999999999,
      "accuracy_std": 10.035506715657164,
      "aggregation_variance": 0.03647354254101123,
      "convergence_stability": 0.0996461791803342,
      "parameter_drift": 0.0003485698434128212,
      "cross_arch_consistency": 0.9999999536408318,
      "precision_mode": "kahan_summation",
      "round_accuracies": [
        25.76,
        50.79,
        58.67,
        62.81,
        66.63,
        69.21,
        71.1,
        72.85,
        73.77,
        74.75,
        75.48,
        75.82,
        76.77,
        77.62,
        77.88,
        78.55,
        78.72,
        79.11,
        79.22,
        79.56,
        80.07,
        80.4,
        80.55,
        81.15,
        80.76,
        81.33,
        81.46,
        82.27,
        81.82,
        81.84,
        82.27,
        82.5,
        82.42,
        82.79,
        82.63,
        82.6,
        82.77,
        82.79,
        82.79,
        83.37,
        83.16,
        83.21,
        83.3,
        83.63,
        83.73,
        83.86,
        83.63,
        83.98,
        83.76,
        83.91
      ],