{
  "scenario_2_performance": {
    "x86_64_ieee754": {
      "final_accuracy": 84.35,
      "mean_accuracy": 77.0582,
      "accuracy_std": 11.630480590242177,
      "aggregation_variance": 0.04004383383423904,
      "convergence_stability": 0.08598096237381839,
      "parameter_drift": 0.0005018095633782273,
      "cross_arch_consistency": 0.9999999947018093,
      "precision_mode": "ieee754",
      "round_accuracies": [
        15.18,
        48.5,
        56.96,
        62.24,
        63.56,
        66.84,
        68.85,
        70.13,
        72.0,
        72.54,
        74.36,
        74.81,
        76.14,
        76.51,
        77.56,
        78.28,
        78.26,
        78.55,
        79.05,
        79.79,
        79.9,
        80.59,
        80.42,
        81.09,
        81.71,
        81.84,
        81.67,
        81.98,
        82.01,
        82.39,
        82.45,
        82.5,
        82.9,
        83.04,
        83.1,
        82.83,
        83.42,
        83.17,
        83.25,
        83.24,
        83.41,
        83.8,
        83.65,
        83.54,
        83.89,
        83.9,
        84.16,
        84.38,
        84.22,
        84.35
      ],
      "round_variances": [
        0.024257869994708723,
        0.013536764635271018,
        0.009765213762930467,
        0.009816260463462491,
        0.010714901568563176,
        0.0114213390068264,
        0.011863550529792492,
        0.013094182290113717,
        0.014276641761497602,
        0.01458957998852938,
        0.016888951842881753,
        0.017825148804983648,
        0.018069787616026848,
        0.019762691752689836,
        0.021148408149296652,
        0.022376458297218505,
        0.02498982537651409,
        0.02403295067670968,
        0.02818326913121308,
        0.02773176040871786,
        0.028019178312889984,
        0.02943355382249473,
        0.03373811825165673,
        0.03443792823111642,
        0.035699597114518325,
        0.03373014456088581,
        0.04014428466313237,
        0.03884854307601657,
        0.04274339499319461,
        0.04739474713264954,
        0.04692408148997285,
        0.04852255165785561,
        0.055384458501938884,
        0.05358121621516813,
        0.0506049315127281,
        0.05755489324198672,
        0.05417237434640433,
        0.058808224767177,
        0.06382756107147704,
        0.06037463454904683,
        0.06883959777647594,
        0.06732207325491789,
        0.06767734254034251,
        0.06646862350073633,
        0.07484146790385876,
        0.08052742487891472,
        0.06868041873912095,
        0.07515608411815428,
        0.08253260715650068,
        0.08185607827267195
      ],
      "total_training_time": 11764.796993494034,
      "energy_consumption": 0.278,
      "memory_efficiency": 0.85,
      "deployment_success_rate": 98.7,
      "communication_overhead": 0.88
    },
    "x86_64_posit16": {
      "final_accuracy": 84.98,
      "mean_accuracy": 77.90920000000001,
      "accuracy_std": 11.000373600928288,
      "aggregation_variance": 0.034393111899819986,
      "convergence_stability": 0.09090599513907582,
      "parameter_drift": 0.0002912191040290997,
      "cross_arch_consistency": 0.9999999337726169,
      "precision_mode": "posit16",
      "round_accuracies": [
        20.9,
        48.34,
        57.75,
        62.8,
        65.66,
        68.05,
        70.75,
        71.86,
        72.72,
        75.0,
        76.04,
        76.6,
        76.76,
        78.32,
        78.09,
        78.5,
        78.91,
        80.11,
        80.17,
        80.36,
        81.12,
        81.22,
        81.37,
        82.02,
        81.53,
        81.98,
        82.22,
        82.57,
        82.6,
        82.49,
        82.83,
        82.99,
        83.3,
        83.1,
        83.49,
        83.44,
        83.69,
        83.94,
        83.64,
        84.23,
        83.93,
        83.88,
        83.65,
        84.14,
        84.59,
        84.52,
        84.49,
        84.94,
        84.88,
        84.98
      ],
      "round_variances": [
        0.022692731254781724,
        0.012171977063443433,
        0.010233313001078374,
        0.010734925824754734,
        0.011890615338762543,
        0.012245316842108825,
        0.01334710238396731,
        0.015050457410881771,
        0.014777588419983346,
        0.015750826154833388,
        0.01664389427091943,
        0.016911669162986632,
        0.01758937051408147,
        0.020784539468282206,
        0.018920138271767764,
        0.02094885364997794,
        0.02122928699381213,
        0.0234342922935083,
        0.02352618436020337,
        0.02169095893779446,
        0.026098388411667006,
        0.029003615408264436,
        0.028894551965444576,
        0.03062332179910048,
        0.031017760797048658,
        0.030602270630552958,
        0.03552536645673338,
        0.03543176349335396,
        0.040161407275089135,
        0.04018360485881346,
        0.03399103180560483,
        0.03977752183725206,
        0.04668885355952059,
        0.04726498683599835,
        0.043340140657768214,
        0.04591580497204033,
        0.04804923279165634,
        0.053812656919058406,
        0.05099938189435377,
        0.053346563234908155,
        0.051851911712301774,
        0.05356504745780075,
        0.06033466924893457,
        0.053771942927595365,
        0.0600599815500901,
        0.057773959623973574,
        0.06636492144240587,
        0.06329734390855306,
        0.06037705781166712,
        0.06095649208551902
      ],
      "total_training_time": 11733.109441280365,
      "energy_consumption": 0.278,
      "memory_efficiency": 0.85,
      "deployment_success_rate": 98.7,
      "communication_overhead": 0.88
    },
    "arm64_ieee754": {
      "final_accuracy": 84.34,
      "mean_accuracy": 77.8902,
      "accuracy_std": 10.298375306814178,
      "aggregation_variance": 0.04088356510430119,
      "convergence_stability": 0.09710268591936431,
      "parameter_drift": 0.0005006400734246226,
      "cross_arch_consistency": 0.9999999735090468,
      "precision_mode": "ieee754",
      "round_accuracies": [
        24.5,
        49.68,
        58.88,
        64.03,
        67.05,
        69.25,
        71.12,
        72.87,
        73.61,
        74.91,
        75.65,
        76.36,
        77.4,
        77.47,
        78.12,
        78.44,
        78.86,
        79.28,
        80.0,
        80.4,
        80.2,
        80.62,
        81.23,
        81.08,
        81.43,
        81.71,
        81.79,
        82.14,
        82.17,
        82.19,
        82.65,
        82.66,
        82.76,
        82.72,
        83.14,
        83.04,
        83.38,
        83.49,
        83.47,
        83.91,
        83.75,
        84.06,
        83.96,
        83.91,
        84.2,
        84.18,
        83.95,
        84.07,
        84.43,
        84.34
      ],